karaczan,c3b35dd1-22a8-3637-8d58-81bfabcaa786
fox431,11d0954d-a6c1-37f2-b90f-f6aee202e979
piotrek,fe54f4d7-a28d-385c-b041-8c8c1a5dd801
bart0sheq,24233f49-099b-3f92-82da-18903ac388a5
heniekwojak,45931da0-4205-3a76-a831-21700cfc4f0f
kooksik123,5fd56a11-21d8-376a-89d3-0dfebbfb7c2d
dealerek,e5f7db4a-99c9-3f3c-b2e5-f0c70b3b6cd7
justoluszek_jdw,bf0a0650-b0ae-398d-bf10-f7a0b645e03d
ziomal,713acb8c-c72c-3d5f-b5c6-85629523d359
hound1997c,aa077988-653b-37ee-a3a1-8ccac031b639
kubas3124,c134de6e-7dc7-30d8-9dc1-0e78d1964f70
sutykserksesa,93d5eba1-9edf-3036-b90c-574f943520ab
zozolpl12,dc0e38b3-e0bb-38ec-a31c-378668931001
kampa,7920a853-3bc8-3f6e-96f4-8391045d5b80
kali362,9948e231-5679-3df8-ab79-1cbef521df78
seba,ffecbbee-f7f2-3999-bca5-c9e99f961f1d
stefek,1fcf0985-75cc-316d-a33e-1f1ee76b1a5b
manieknonpremium,dc5871a2-306a-352f-abad-2475eec360bc
faction_ed632bfe_94ad_430e_b100_c87eb1fa1c2b,f67dccb9-8625-3faf-8089-c077f1719558
jan_yt,894e2fa8-ab4c-3712-91ef-dc0cadff380e
krawiec3011,a2138de3-aa73-3fac-ad2d-1a8bc97ba48e
bambol,e0a054a2-cca6-31f4-8c4a-c58a7c1d8fa8
xxerwoss,90181a89-a3c4-3980-8bd7-f0b0090cc766
twinkiewinkiex,501085d4-07e6-314a-8973-f011cd0649a0
jerzuk,a518d514-e8f6-326b-9e78-8ec315f7484b
sweaty_tryhard,ec804797-4bb6-3179-b2fc-046bb9426072
faction_d8ce82a7_8d11_4d40_8384_91fee96aa0c9,f0ba6d65-52c2-387e-babd-9f74b5d603ba
sejtan13,7642796b-e4fb-34a2-b887-1dddc87f9725
jjmaciej,69b18c9d-783f-3f66-a88f-f66df7dfcd8c
justin2115,80c27d27-e921-3fb8-b2f6-48b7939e4090
pafeu,856f63dd-3aa6-3a7a-8792-46cafe468aa3
squbana,2499ae69-7217-32d4-91ea-32cdc53389e5
isupermwk,03f04617-4e64-311b-935a-18879827b90b
thenitropower,3afa7ea0-3ded-3f4a-92de-b29c44ae658c
antonnnyyy,631ffca3-cd3f-3434-8b1e-102647b4f4ca
atori,42d196d1-8739-39e5-b96c-f71a6bbd0eda
domiq,5c05c35b-91c2-3616-82f7-3da32e93ca57
dynastickondi19,7fd5d45c-5e2f-3329-81bd-d859e505826e
esia,4e51ea36-79b9-3b55-918e-58c56c7aae6c
hubson,ab5d6514-8a28-3ac1-a46e-085fc162e97c
xdxdx,384ae652-93b3-3c46-bd2a-02c6f54033e8
zebra_com,7524efdb-e3ab-3a0a-ad6b-2eed342f6464
ds_acer,07d90c7d-3c4c-3080-b828-ca0fa68ddbda
faction_e824e8ec_5d0f_428e_b24c_02a8b21ef5dd,c3487420-2a8e-3fa4-82a0-a6d4ed192c98
krzys_koks_951,506837cf-7eb4-3c4f-98d6-8de3e8d17216
kujak,cc6744d4-327f-3e41-93ac-bdca6cb7d87c
menereq,41c40ad3-7c39-3df5-b255-10cae28e262c
prosekpolska2010,5bf5c35e-ca7b-3024-99ac-36acea48276c
_mily_777,69d1aca5-86cf-3ee8-9896-4c44fdb30c76
gx_wow_xg,b848f1a1-cd39-336b-84db-13ef03639a03
player1231,35c60e16-9511-3abf-ac78-3c8fbc3bd484
ktostaki,d2cd9bd6-c1b8-34d7-bcd2-481378d341d2
giantsbro,0e65db99-f19f-3a01-9d41-08686d07bf0a
lysy,3de23184-04dc-39be-b3e6-de8fc6ab6186
bobek,589d7449-b0e1-3714-b42b-4190113fd41f
quafq_yt,6719eddf-72cc-3f0d-a842-cecce66d0373
kacpereks,3c7a6c89-402a-353a-9604-35e6efeafddc
tylerpider1,1c892666-c973-3cbf-9359-89536f27a48c
wojtaz,589d4845-c6ec-3b0a-be7b-83343e4a08a9
vertez,c499fa0d-2162-319c-a33e-1ede5b46795f
xxoliwiereqxx,f0f714b4-5168-3bf9-a7bc-b3a166ac647c
oliwkasupi,8a283acd-024c-37dc-a131-8291fc56ff9d
lelka,d0a8cb23-faeb-39ed-8e98-4cc062ebd381
prawdziwek_pro,12d05614-e607-3583-9a44-b78ee39ac813
watericc,46fc6764-8a01-3db0-834b-ddd55949f872
ja_spierdalam,3bda4934-e4b9-374c-b5cb-6edca2d9891f
kamosztosstm,c2279718-4a53-3517-8f67-bc60dfff32db
_mrlyx_,5f8bff88-1aa6-3b34-9518-21f076ca9d93
vivi,85480de6-1b12-3f40-8f0e-155567d177c6
anonimowy,e06dc442-4735-323d-a483-0cb747342344
donacikyt,8b6209fe-a835-32c0-b178-b32e1d8b7c08
kryha2710,d7718077-874e-3cbf-8cb2-ecad1f464014
justin,40d7dbeb-47ea-3429-a4a6-e98dfd0f434d
kornischonn,d7624c6d-88b7-3ebc-a504-4757fee13eb9
minekoza,f449eebb-4a62-327b-a3b7-d02521c7f386
gromorth,ed745560-dd51-35fc-a825-6659e413f4d8
millermi,6bcbdb46-8721-3378-81c0-20877fb3772a
_chrupeczka_,3d679359-e471-3c22-8fe8-024b749b424f
polaczek2000,c955ebfd-663b-39cb-9da3-e5aee1457785
predka,df97af49-c928-30c3-b7bd-e5e9c026d51d
pertyk,d760ae76-447e-3c46-82c6-cc637b2a3da7
wartuetruesu,c3d95b66-2824-37ce-bb55-8f496c65fc4c
wojtekplay,c6ec7cca-b6f2-38c5-ad50-f720c9d1cddd
liltastic,7495b4a1-26a7-3437-8b87-d504f0ddbeda
malaki,fb374a28-1f1f-34ee-89d2-0563427731d5
boczek,bad73d57-844d-3bfe-bfab-b788e4a76452
doknes,d1656974-6f40-3804-b729-438860eddaa0
free0man61,9bf8ec6f-a3ce-318b-9b91-4b7735cb5522
xxxblackpearlxxx,3d4c6123-ca3d-3300-a3fc-7d6163dfe18d
cytrynek,4efda1f4-ccaa-33ec-a8bc-625425a0e7c2
foredfavored,08736aa9-18fd-3d5a-ab20-eb0de95e724a
kooksik1123,05e37e59-9988-366e-a915-30613b34ceee
sebix12,5fffbfbd-c7cd-3389-be1e-f52a5254d540
dj_vipers,d6e147a4-02a0-3ed3-a1e0-7763839f63f6
vikinq3,dba298d5-ab02-315c-9861-82850e583f0e
pasztet010,e737c09f-aec0-32c1-8a2c-cab89def3904
hania6666,2f7b61e5-c83f-3765-9360-ff5397555e1d
kloc,c693c681-0168-3657-8304-82877c3ca575
roxonpl,22560e24-8ca9-3617-866c-ed79be76a2d5
ph_aleks,008398c3-0a48-351f-82ef-339de69336d9
pierniczeek,4d53a351-978e-3d56-ba07-b076414efb4b
szunek,0ce8ca18-d5e0-3ca6-9916-4e8c32ae6e58
igigi,07aec14f-4a6c-31a9-804a-e9db60af2ac7
opel1983,7eb3534d-cbb2-3a44-bfbc-bb9395fa0e50
00260,5f67d212-a250-3245-a186-7ed9374200ae
patriko24,5cb067d7-1ab3-3f8d-b68c-66ec4ef214d7
fabianxdd,c7fb8f6a-7511-307f-bfda-c370bddb19dd
alfleay,daa5adbe-9e2a-3cc4-8f57-54e5a1bc7d4a
cypo,9cc773bb-daa1-3fe4-9b4f-05283995a790
franek,347f1138-bc3e-3087-bfff-e573100e0851
lunaq,2efe6f9d-9f7e-3864-9485-73f881f98c83
mikolaj,57467ea9-6607-39ca-94b5-c5bf21d2e7a7
w0jetek14,af282db0-57aa-3594-8baa-a3284a1d5ead
olejek,3e430046-339e-33ee-82a5-6f6af0cf5120
marceliuszek,7ec8d1f3-8d78-3151-85a6-7c73ae325443
xewin202,6a3edfdc-2300-30f0-a5f4-25a2a8a25add
gamereq_,1a0f5204-3b7e-3fff-97ea-003e385fab7d
karolcia_rzadzix,cbbbab28-17cc-3666-977c-fe6f53669863
xxnukalukaxx,27539bfd-d35f-3af5-8b2e-f4c9b3122b0a
kinamilia,23e35c67-5398-33ce-ab10-19a66de8fb2d
dzejkii,7ddb8351-e07e-339b-89b8-824f8607a365
rasi,ca4fc2f1-f26e-3899-8e1d-42be6ceb7e77
nikodem704,c3dad471-aa2e-3778-b4e1-70d517aa5ff8
sajo0,e86d3592-59cc-3506-8464-e9db35edf35a
tatadeusz,c07d4497-401a-3e36-910b-889c4a6ab0bb
wojan,41e1f867-3fbd-3113-8f75-adf68a761bf4
goskof,8c0ed9cc-365b-3cd6-9cab-3d5998707d69
jdyziogaming,ad479ff8-48ea-3ab1-b2da-cecc898bbdaa
szympek,0e95ab2c-963c-3f7e-8371-8ee32f982e22
konradzio8,39e88bfc-a82a-369f-8a38-2d9bb76b9c4c
kozoplots,820db0e8-c16b-3aa1-8877-4e12a0597b39
dominik_2007,e610338b-a06b-329c-944e-b0dd62edba9c
nikt_ani_nic,96d614e1-7773-3545-b7e0-fc36977097da
werka,98c9fd7f-01a9-34a1-bb7a-9479c9bc0785
mlode_pierozki,7ebfdd00-02d0-361a-88ff-9c9d36a12d67
faction_ac1f80f3_1338_4159_ab24_a4bca8c5a037,a06dcbf1-4007-34f3-8b6a-7d851092c132
kredka,82c70462-2ca8-356d-983c-8f763582c6d1
pldzumanpl,aa9526ab-4ca6-3856-8a00-382d1fa9ef3c
szczur,417867bf-6904-3bc3-a4ec-d290cfe8c854
jogobella5,edbbe6fd-f4b0-3414-81db-1c516e362a0c
pandanekus,d087e9a9-02d7-3981-959b-8bb7ea7109b3
hq_kill,317d2e30-b0b1-3c6a-a0b3-ed4ad7ffdb3f
klinxis,f58806bb-94d4-385a-b202-be0d1c73f0bf
yebiemnieto,95c90801-7b58-3ef4-aa6d-a7236500b2a0
flyingburrito72,fbf717d1-d36d-32f6-91e7-fd776f5766e2
kingaa150,d8f6ab95-e069-333c-8977-93239ac0da0b
zgredekplay,33bd47be-53a5-3b5b-a2a0-0caa0e48d2ed
revengerlp,c6f78d81-7723-3e0f-9876-528ddda7c838
gamer267,abf9627a-a295-3ae4-9ffe-4a83f6f68edc
montjaksi,6fd09caa-9d99-3b52-830a-cd0293a89dd1
xb3unekx,f17e13c6-0e06-340f-9226-eba8c4505010
martyspl,d6a197b1-7f29-3a19-9987-e584df39b2b8
kozakfest,3d6e856f-6cea-38e1-9adc-cd5f8b34c96f
michalmarcin,b06f4008-5c3c-3734-898b-d16662e1c2bf
julcix,d198047b-0618-3206-b623-fc4deed9ddbb
ashleyheinrich,a7f2b3d1-48c6-3778-9960-0ab4b2292682
superfox,880c2198-4112-378f-9e93-200776864cc0
faction_warzone,d718f377-082e-3f3c-baf6-7fba6a29b7af
szch,aed857a4-e626-30ef-a7c1-7311eacec6dc
odmi123456789,2b7d4f0d-fd90-3346-9b94-91c22c1f653e
jasqu,b6ab0547-340c-3473-86ad-8918712ab65d
mcpantipl,2c061b71-7ae0-313a-8244-f3acc0a6789c
skrzypa99,80470dc0-4cb0-3256-8fc1-9271ac5e5015
wiciopl69,7ca91acf-1190-3786-a013-03d34c30314f
lenka1113,ce7dd38c-7f3b-3514-9d2b-75b81e6a0dae
walu2115,edab33da-8d2a-3d6a-a935-17172e33a7a2
kostek123465676,d79a0a6d-3640-3fe8-91f7-564c4440de2d
atezim,dcfcf956-5053-3950-8a3e-2f453079a14f
ananasek__,320f3e2d-edf2-3b46-a46f-71235998e34a
sethey889,ad4db817-5f9a-3308-9678-e3fbcb84672a
kamnipanzer,d562191d-bb71-3f54-a7f3-f26cc1900d32
__sid__,0449a55e-cd2b-37e7-9b16-0e71cd5e2169
yetiii,e598066b-168b-3832-8e4b-c70cac2ca477
derosiek,8f1965be-4ed8-3a66-a9c1-236bc879a892
szulcuzdr,d4e987d5-01ea-3b57-b754-c666c8829cf2
antek4954,b7b39fb8-7835-36d6-bfe4-8e23ac3c3586
lylekez,cd6d2681-c01d-345e-a6f6-fee8683de85d
julis,e34c95d3-abb9-3bed-b5c1-3892840f8852
rkainee,82c89370-bb85-3a6e-9141-90d78d0406bf
domi_q,ec9c6ab3-59b4-3467-aa7a-51d151a11ecf
merry0,9c19e5df-4420-3866-bc5a-ba34ea80eabf
woda13,be555462-665f-37e2-8951-69badfc29282
xx_patryq_xx_yt,37ec4821-7daf-3268-81c4-b8317a1ec7aa
kamnikaze,c2a283e1-0afe-3172-b5ce-216f7e9bc3c8
krecikwakacji,bcb6b980-f623-3ca1-a1be-a5799a886c05
wiikttoria,8ddd36ed-af6f-3ba8-83fa-d310c84892bc
k4kassper,9e870f7a-4f0f-36b9-a2a3-70e7d18b0180
xkitsunex,ef87b520-b9a2-313c-a5b6-37441a762121
gabrys1983,9ac7673b-ef8d-39ca-a5cc-8ac51932eb1a
tonacho,614fd0fe-10e3-327a-9420-95a07ddbf86f
krzysiu,e4450fbe-547b-3c92-8b70-c30eea8ebb65
kryst339,efdd0e72-516a-3f6d-b39f-e5eece1691e9
chorskytv,7706efe3-82c7-3377-8192-f677e1a485d1
babciakaryna,3f39a875-98b7-3a72-aea3-858a22abc9af
thenitropower2,e383907f-6232-3a7f-a07a-7b99184e457b
konradziox5,f7eda7f9-5b1f-3885-9c27-23ff7cbd1af1
kooksik0301,f0401011-1c52-368d-88e2-0760a32e730e
derbahner,112fe71b-9469-3bfe-b47f-959743ab861f
iras117,3a82e6c2-6a70-3b15-9ba0-06ee7fc4ba25
dasd,99e1a41a-9ed5-3627-a858-41eaaec1d08b
jerry1350,2062782d-590c-3789-b92f-5efd550d0238
endriuuu,601fb94c-9361-37bd-8764-0677ea221eb5
minekosik,490c73b7-e9ed-3e8a-9699-08707cf98255
lamusek000123,5933a2cf-4ee5-3328-8895-d540960fd27c
tombuj,3bab98dc-a46a-33f2-8ff4-6d428e2f06c2
xxxtrasperxxx,5479ffa3-d270-3ea9-ae29-199fa0620080
asamiii,75b9d6a1-c65d-3c95-952a-4206626b3882
poprostuadam,cc6f0a45-2e94-38a9-9bbc-4362c268ccf1
dampej,8b3ced14-78eb-3314-b806-7a68874b4aab
kamo177,1c6de0c9-6b70-3a9e-ba64-9b2a0d7e7954
ziomal123,fc29a7c1-bf7c-391d-8388-02e60d4cf4de
splowczak,c1fade08-eee5-33d5-86ca-da150de2613a
kotka1111,d6d4764b-1c7d-39c2-ab66-9ffbe1b20117
magginer,299d68dc-b62b-3457-aed4-2814db896ab3
thericozenek,d65979f3-439a-3c3a-ae8b-e549cead3192
qaress,528b2344-e979-3af5-91bf-514d2e9a429f
kuba546546,0c31fc1c-2fcf-3754-9b54-2f236c831019
megaxavi,3259fc42-2a64-3944-99c5-ba3d454bb4d9
miki,61a8c12f-3b20-3fbf-a495-44b1d0f772d5
parapetor,81e39333-59e0-33e8-9adf-4ef63a2633a2
szymonxe,b138ad6d-457e-3433-a5ca-6b97afa14e2d
ciecek,8839bc78-43c3-3b82-9381-263d58b8638a
fifi7558,7f817c16-975c-33fd-9da7-8b11bedb4c18
lukizyt,b1c8aa29-9456-3f9f-bc33-5b4f1e2cca3f
kittykorka,66ad1df9-12a4-35d4-bf53-250a19366c7b
mariczka112233,1897c2db-2170-36a7-983d-84746330a41d
miuzore,a32acf9e-cbd3-3c6f-9974-d34bccb08748
matiii207,d768da89-cd19-37b0-8155-f3087fe851ac
karolcia_zadzix,54afa5cb-59b7-395e-b83d-7af127fe222c
zelek43yolopl,88eaab8b-d834-3c32-b3a4-6bec6485a33e
julamiko04,bc1dcbbc-e194-373c-8ebf-bbd2432aba98
izonis,49d1ba62-caa2-303b-b7cb-50123a71cf61
lajvmiko95,8eeaef96-83a7-3572-8463-37ce0032c879
siairoxx,4ab8bf97-a79b-3ce9-9fa5-2373afc3ca52
stepinskyy,228fdb47-94a5-365d-9679-92e579194956
toqu,bca24caf-48f1-3e65-925e-3025665ca949
pionamefy,d53d0af0-b837-3891-be9d-cf376b0396b6
wypierdalam,5a56dff6-fa54-3e1c-88b3-eb9ee85b0fee
spidlopez,51902f97-75a6-3ce4-bb03-295c7098da6a
wikunia1,4a10c036-6ea6-3205-940a-4251e3232f71
loczek,da9a15f8-9831-35e4-9a0b-6675fbcde53f
ochmanejro,1593ab11-b70e-3b88-a1a2-5be73a59c898
